experiment_name,prior_label,alpha_prior,beta_prior,prior_mean,prior_strength,game,seed,tested_agent_side,opponent_side,outcome_for_tested_agent,winner,tested_agent_discs,opponent_discs,disc_difference,moves_played,passes,runtime_seconds,tested_search_seconds,opponent_search_seconds,tested_decisions,opponent_decisions,tested_seconds_per_decision,opponent_seconds_per_decision,board_rows,board_cols,simulations,weak_tactical_random_move_probability
10_classical_thompson_beta_prior_sweep_vs_weak_tactical,beta_2_1_optimistic,2.0,1.0,0.6666666666666666,3.0,1,0,BLACK,WHITE,win,BLACK,31,5,26,33,1,34.4767864,34.4584257,0.0062376,17,16,2.026966218,0.00038985,6,6,400,0.0
10_classical_thompson_beta_prior_sweep_vs_weak_tactical,beta_2_1_optimistic,2.0,1.0,0.6666666666666666,3.0,2,1,WHITE,BLACK,win,WHITE,19,17,2,34,2,29.4889817,29.467501,0.007379,17,17,1.733382412,0.000434059,6,6,400,0.0
10_classical_thompson_beta_prior_sweep_vs_weak_tactical,beta_2_1_optimistic,2.0,1.0,0.6666666666666666,3.0,3,2,BLACK,WHITE,win,BLACK,33,3,30,35,3,33.5739851,33.5530592,0.0069028,18,17,1.864058844,0.000406047,6,6,400,0.0
10_classical_thompson_beta_prior_sweep_vs_weak_tactical,beta_2_1_optimistic,2.0,1.0,0.6666666666666666,3.0,4,3,WHITE,BLACK,win,WHITE,25,11,14,32,0,29.1690048,29.1506151,0.0064348,16,16,1.821913444,0.000402175,6,6,400,0.0
10_classical_thompson_beta_prior_sweep_vs_weak_tactical,beta_2_1_optimistic,2.0,1.0,0.6666666666666666,3.0,5,4,BLACK,WHITE,win,BLACK,28,8,20,33,1,31.7002895,31.6807377,0.0068214,17,16,1.863572806,0.000426337,6,6,400,0.0
10_classical_thompson_beta_prior_sweep_vs_weak_tactical,beta_2_1_optimistic,2.0,1.0,0.6666666666666666,3.0,6,5,WHITE,BLACK,draw,DRAW,18,18,0,34,2,27.7517559,27.7331928,0.0063501,17,17,1.631364282,0.000373535,6,6,400,0.0
10_classical_thompson_beta_prior_sweep_vs_weak_tactical,beta_2_1_optimistic,2.0,1.0,0.6666666666666666,3.0,7,6,BLACK,WHITE,win,BLACK,30,6,24,33,1,33.0898725,33.0722743,0.0061187,17,16,1.9454279,0.000382419,6,6,400,0.0
10_classical_thompson_beta_prior_sweep_vs_weak_tactical,beta_2_1_optimistic,2.0,1.0,0.6666666666666666,3.0,8,7,WHITE,BLACK,win,WHITE,25,11,14,32,0,31.3325803,31.3118548,0.0075554,16,16,1.956990925,0.000472212,6,6,400,0.0
10_classical_thompson_beta_prior_sweep_vs_weak_tactical,beta_2_1_optimistic,2.0,1.0,0.6666666666666666,3.0,9,8,BLACK,WHITE,win,BLACK,20,16,4,33,1,31.5650578,31.5464068,0.0063904,17,16,1.855670988,0.0003994,6,6,400,0.0
10_classical_thompson_beta_prior_sweep_vs_weak_tactical,beta_2_1_optimistic,2.0,1.0,0.6666666666666666,3.0,10,9,WHITE,BLACK,win,WHITE,25,11,14,34,2,32.2906956,32.2707096,0.0069901,17,17,1.898277035,0.000411182,6,6,400,0.0
10_classical_thompson_beta_prior_sweep_vs_weak_tactical,beta_2_1_optimistic,2.0,1.0,0.6666666666666666,3.0,11,10,BLACK,WHITE,win,BLACK,30,6,24,34,2,32.2498732,32.2285334,0.007247,17,17,1.895796082,0.000426294,6,6,400,0.0
10_classical_thompson_beta_prior_sweep_vs_weak_tactical,beta_2_1_optimistic,2.0,1.0,0.6666666666666666,3.0,12,11,WHITE,BLACK,win,WHITE,28,8,20,34,2,30.8606474,30.839176,0.0074976,17,17,1.814069176,0.000441035,6,6,400,0.0
10_classical_thompson_beta_prior_sweep_vs_weak_tactical,beta_2_1_optimistic,2.0,1.0,0.6666666666666666,3.0,13,12,BLACK,WHITE,win,BLACK,27,9,18,32,0,31.2340019,31.2167052,0.0059152,16,16,1.951044075,0.0003697,6,6,400,0.0
10_classical_thompson_beta_prior_sweep_vs_weak_tactical,beta_2_1_optimistic,2.0,1.0,0.6666666666666666,3.0,14,13,WHITE,BLACK,loss,BLACK,12,24,-12,32,0,28.495521,28.475184,0.0075859,16,16,1.779699,0.000474119,6,6,400,0.0
10_classical_thompson_beta_prior_sweep_vs_weak_tactical,beta_2_1_optimistic,2.0,1.0,0.6666666666666666,3.0,15,14,BLACK,WHITE,win,BLACK,21,15,6,33,1,31.8347468,31.8152835,0.00663,17,16,1.871487265,0.000414375,6,6,400,0.0
10_classical_thompson_beta_prior_sweep_vs_weak_tactical,beta_2_1_optimistic,2.0,1.0,0.6666666666666666,3.0,16,15,WHITE,BLACK,win,WHITE,23,13,10,32,0,28.5267076,28.5088603,0.0063934,16,16,1.781803769,0.000399587,6,6,400,0.0
10_classical_thompson_beta_prior_sweep_vs_weak_tactical,beta_2_1_optimistic,2.0,1.0,0.6666666666666666,3.0,17,16,BLACK,WHITE,win,BLACK,20,16,4,33,1,31.1142799,31.0958059,0.0060026,17,16,1.829165053,0.000375163,6,6,400,0.0
10_classical_thompson_beta_prior_sweep_vs_weak_tactical,beta_2_1_optimistic,2.0,1.0,0.6666666666666666,3.0,18,17,WHITE,BLACK,win,WHITE,20,16,4,32,0,24.7105199,24.6964145,0.0047961,16,16,1.543525906,0.000299756,6,6,400,0.0
10_classical_thompson_beta_prior_sweep_vs_weak_tactical,beta_2_1_optimistic,2.0,1.0,0.6666666666666666,3.0,19,18,BLACK,WHITE,win,BLACK,36,0,36,35,3,14.6042028,14.5949242,0.0032841,18,17,0.810829122,0.000193182,6,6,400,0.0
10_classical_thompson_beta_prior_sweep_vs_weak_tactical,beta_2_1_optimistic,2.0,1.0,0.6666666666666666,3.0,20,19,WHITE,BLACK,win,WHITE,26,9,17,32,1,12.2121122,12.2027267,0.0032767,16,16,0.762670419,0.000204794,6,6,400,0.0
10_classical_thompson_beta_prior_sweep_vs_weak_tactical,beta_2_1_optimistic,2.0,1.0,0.6666666666666666,3.0,21,20,BLACK,WHITE,draw,DRAW,18,18,0,33,1,13.3115667,13.3032507,0.0028715,17,16,0.782544159,0.000179469,6,6,400,0.0
10_classical_thompson_beta_prior_sweep_vs_weak_tactical,beta_2_1_optimistic,2.0,1.0,0.6666666666666666,3.0,22,21,WHITE,BLACK,win,WHITE,19,17,2,32,0,11.9355493,11.9273276,0.0029166,16,16,0.745457975,0.000182288,6,6,400,0.0
10_classical_thompson_beta_prior_sweep_vs_weak_tactical,beta_2_1_optimistic,2.0,1.0,0.6666666666666666,3.0,23,22,BLACK,WHITE,win,BLACK,28,8,20,35,3,13.4730804,13.4639123,0.0029388,18,17,0.747995128,0.000172871,6,6,400,0.0
10_classical_thompson_beta_prior_sweep_vs_weak_tactical,beta_2_1_optimistic,2.0,1.0,0.6666666666666666,3.0,24,23,WHITE,BLACK,win,WHITE,24,12,12,32,0,12.0431459,12.034455,0.0032131,16,16,0.752153437,0.000200819,6,6,400,0.0
10_classical_thompson_beta_prior_sweep_vs_weak_tactical,beta_2_1_optimistic,2.0,1.0,0.6666666666666666,3.0,25,24,BLACK,WHITE,win,BLACK,21,15,6,33,1,13.5586527,13.5501487,0.0029002,17,16,0.797067571,0.000181262,6,6,400,0.0
10_classical_thompson_beta_prior_sweep_vs_weak_tactical,beta_2_1_optimistic,2.0,1.0,0.6666666666666666,3.0,26,25,WHITE,BLACK,win,WHITE,28,8,20,32,0,12.1068829,12.0984912,0.0030579,16,16,0.7561557,0.000191119,6,6,400,0.0
10_classical_thompson_beta_prior_sweep_vs_weak_tactical,beta_2_1_optimistic,2.0,1.0,0.6666666666666666,3.0,27,26,BLACK,WHITE,win,BLACK,19,17,2,33,1,13.7360842,13.7275147,0.0028572,17,16,0.807500865,0.000178575,6,6,400,0.0
10_classical_thompson_beta_prior_sweep_vs_weak_tactical,beta_2_1_optimistic,2.0,1.0,0.6666666666666666,3.0,28,27,WHITE,BLACK,loss,BLACK,16,20,-4,32,0,12.2389352,12.2301836,0.0031186,16,16,0.764386475,0.000194912,6,6,400,0.0
10_classical_thompson_beta_prior_sweep_vs_weak_tactical,beta_2_1_optimistic,2.0,1.0,0.6666666666666666,3.0,29,28,BLACK,WHITE,win,BLACK,28,7,21,35,4,14.4481179,14.4385829,0.0032109,18,17,0.802143494,0.000188876,6,6,400,0.0
10_classical_thompson_beta_prior_sweep_vs_weak_tactical,beta_2_1_optimistic,2.0,1.0,0.6666666666666666,3.0,30,29,WHITE,BLACK,win,WHITE,28,7,21,32,1,12.5110687,12.5025032,0.0031338,16,16,0.78140645,0.000195863,6,6,400,0.0
10_classical_thompson_beta_prior_sweep_vs_weak_tactical,beta_2_1_optimistic,2.0,1.0,0.6666666666666666,3.0,31,30,BLACK,WHITE,win,BLACK,19,16,3,31,0,13.0407332,13.0325356,0.0028723,16,15,0.814533475,0.000191487,6,6,400,0.0
10_classical_thompson_beta_prior_sweep_vs_weak_tactical,beta_2_1_optimistic,2.0,1.0,0.6666666666666666,3.0,32,31,WHITE,BLACK,win,WHITE,23,13,10,32,0,11.7575677,11.7493646,0.0029482,16,16,0.734335288,0.000184263,6,6,400,0.0
10_classical_thompson_beta_prior_sweep_vs_weak_tactical,beta_2_1_optimistic,2.0,1.0,0.6666666666666666,3.0,33,32,BLACK,WHITE,win,BLACK,28,8,20,33,1,13.2404401,13.2324372,0.0028103,17,16,0.778378659,0.000175644,6,6,400,0.0
10_classical_thompson_beta_prior_sweep_vs_weak_tactical,beta_2_1_optimistic,2.0,1.0,0.6666666666666666,3.0,34,33,WHITE,BLACK,win,WHITE,28,8,20,33,1,13.0675632,13.0580902,0.0034048,16,17,0.816130637,0.000200282,6,6,400,0.0
10_classical_thompson_beta_prior_sweep_vs_weak_tactical,beta_2_1_optimistic,2.0,1.0,0.6666666666666666,3.0,35,34,BLACK,WHITE,loss,WHITE,14,21,-7,32,1,13.4061264,13.3978253,0.0029777,16,16,0.837364081,0.000186106,6,6,400,0.0
10_classical_thompson_beta_prior_sweep_vs_weak_tactical,beta_2_1_optimistic,2.0,1.0,0.6666666666666666,3.0,36,35,WHITE,BLACK,win,WHITE,27,8,19,32,1,12.4150475,12.4067231,0.0029835,16,16,0.775420194,0.000186469,6,6,400,0.0
10_classical_thompson_beta_prior_sweep_vs_weak_tactical,beta_2_1_optimistic,2.0,1.0,0.6666666666666666,3.0,37,36,BLACK,WHITE,win,BLACK,20,16,4,33,1,13.5838678,13.5750404,0.0029799,17,16,0.798531788,0.000186244,6,6,400,0.0
10_classical_thompson_beta_prior_sweep_vs_weak_tactical,beta_2_1_optimistic,2.0,1.0,0.6666666666666666,3.0,38,37,WHITE,BLACK,win,WHITE,28,8,20,32,0,12.0664564,12.0579738,0.0031625,16,16,0.753623362,0.000197656,6,6,400,0.0
10_classical_thompson_beta_prior_sweep_vs_weak_tactical,beta_2_1_optimistic,2.0,1.0,0.6666666666666666,3.0,39,38,BLACK,WHITE,loss,WHITE,11,25,-14,32,0,13.1674874,13.1589337,0.0031129,16,16,0.822433356,0.000194556,6,6,400,0.0
10_classical_thompson_beta_prior_sweep_vs_weak_tactical,beta_2_1_optimistic,2.0,1.0,0.6666666666666666,3.0,40,39,WHITE,BLACK,win,WHITE,32,3,29,32,1,12.4223334,12.4139069,0.0029834,16,16,0.775869181,0.000186462,6,6,400,0.0
10_classical_thompson_beta_prior_sweep_vs_weak_tactical,beta_2_1_optimistic,2.0,1.0,0.6666666666666666,3.0,41,40,BLACK,WHITE,win,BLACK,23,12,11,33,2,13.6601342,13.6512895,0.0029577,17,16,0.803017029,0.000184856,6,6,400,0.0
10_classical_thompson_beta_prior_sweep_vs_weak_tactical,beta_2_1_optimistic,2.0,1.0,0.6666666666666666,3.0,42,41,WHITE,BLACK,win,WHITE,27,9,18,34,2,12.3937815,12.3847344,0.0030035,17,17,0.728513788,0.000176676,6,6,400,0.0
10_classical_thompson_beta_prior_sweep_vs_weak_tactical,beta_2_1_optimistic,2.0,1.0,0.6666666666666666,3.0,43,42,BLACK,WHITE,win,BLACK,34,2,32,35,3,13.3526708,13.343829,0.0030383,18,17,0.741323833,0.000178724,6,6,400,0.0
10_classical_thompson_beta_prior_sweep_vs_weak_tactical,beta_2_1_optimistic,2.0,1.0,0.6666666666666666,3.0,44,43,WHITE,BLACK,win,WHITE,22,14,8,34,2,12.2713512,12.262886,0.002958,17,17,0.721346235,0.000174,6,6,400,0.0
10_classical_thompson_beta_prior_sweep_vs_weak_tactical,beta_2_1_optimistic,2.0,1.0,0.6666666666666666,3.0,45,44,BLACK,WHITE,win,BLACK,26,10,16,33,1,13.339033,13.3307912,0.0028763,17,16,0.784164188,0.000179769,6,6,400,0.0
10_classical_thompson_beta_prior_sweep_vs_weak_tactical,beta_2_1_optimistic,2.0,1.0,0.6666666666666666,3.0,46,45,WHITE,BLACK,win,WHITE,29,7,22,36,4,12.6114959,12.6024247,0.0031453,18,18,0.700134706,0.000174739,6,6,400,0.0
10_classical_thompson_beta_prior_sweep_vs_weak_tactical,beta_2_1_optimistic,2.0,1.0,0.6666666666666666,3.0,47,46,BLACK,WHITE,win,BLACK,27,9,18,34,2,14.0832204,14.0739726,0.0031857,17,17,0.827880741,0.000187394,6,6,400,0.0
10_classical_thompson_beta_prior_sweep_vs_weak_tactical,beta_2_1_optimistic,2.0,1.0,0.6666666666666666,3.0,48,47,WHITE,BLACK,win,WHITE,24,12,12,34,2,12.4302072,12.4214416,0.0031425,17,17,0.730673035,0.000184853,6,6,400,0.0
10_classical_thompson_beta_prior_sweep_vs_weak_tactical,beta_2_1_optimistic,2.0,1.0,0.6666666666666666,3.0,49,48,BLACK,WHITE,win,BLACK,22,14,8,36,4,13.6267787,13.6175003,0.0032882,18,18,0.756527794,0.000182678,6,6,400,0.0
10_classical_thompson_beta_prior_sweep_vs_weak_tactical,beta_2_1_optimistic,2.0,1.0,0.6666666666666666,3.0,50,49,WHITE,BLACK,win,WHITE,30,6,24,34,2,12.1289187,12.1202298,0.0030205,17,17,0.712954694,0.000177676,6,6,400,0.0
10_classical_thompson_beta_prior_sweep_vs_weak_tactical,beta_2_1_optimistic,2.0,1.0,0.6666666666666666,3.0,51,50,BLACK,WHITE,win,BLACK,25,11,14,33,1,13.7946482,13.7855464,0.0032387,17,16,0.810914494,0.000202419,6,6,400,0.0
10_classical_thompson_beta_prior_sweep_vs_weak_tactical,beta_2_1_optimistic,2.0,1.0,0.6666666666666666,3.0,52,51,WHITE,BLACK,win,WHITE,34,2,32,36,4,12.5228387,12.5132477,0.0033164,18,18,0.695180428,0.000184244,6,6,400,0.0
10_classical_thompson_beta_prior_sweep_vs_weak_tactical,beta_2_1_optimistic,2.0,1.0,0.6666666666666666,3.0,53,52,BLACK,WHITE,win,BLACK,26,10,16,33,1,13.6135511,13.6046251,0.0033881,17,16,0.800272065,0.000211756,6,6,400,0.0
10_classical_thompson_beta_prior_sweep_vs_weak_tactical,beta_2_1_optimistic,2.0,1.0,0.6666666666666666,3.0,54,53,WHITE,BLACK,win,WHITE,31,5,26,34,2,12.8876414,12.8787911,0.0031206,17,17,0.757575947,0.000183565,6,6,400,0.0
10_classical_thompson_beta_prior_sweep_vs_weak_tactical,beta_2_1_optimistic,2.0,1.0,0.6666666666666666,3.0,55,54,BLACK,WHITE,win,BLACK,25,11,14,32,0,14.700862,14.6914142,0.003554,16,16,0.918213387,0.000222125,6,6,400,0.0
10_classical_thompson_beta_prior_sweep_vs_weak_tactical,beta_2_1_optimistic,2.0,1.0,0.6666666666666666,3.0,56,55,WHITE,BLACK,win,WHITE,28,6,22,30,0,14.7689982,14.7598177,0.0032763,15,15,0.983987847,0.00021842,6,6,400,0.0
10_classical_thompson_beta_prior_sweep_vs_weak_tactical,beta_2_1_optimistic,2.0,1.0,0.6666666666666666,3.0,57,56,BLACK,WHITE,loss,WHITE,9,26,-17,31,0,15.9699807,15.9595706,0.0036525,16,15,0.997473163,0.0002435,6,6,400,0.0
10_classical_thompson_beta_prior_sweep_vs_weak_tactical,beta_2_1_optimistic,2.0,1.0,0.6666666666666666,3.0,58,57,WHITE,BLACK,win,WHITE,31,5,26,34,2,16.9221125,16.9100297,0.004136,17,17,0.994707629,0.000243294,6,6,400,0.0
10_classical_thompson_beta_prior_sweep_vs_weak_tactical,beta_2_1_optimistic,2.0,1.0,0.6666666666666666,3.0,59,58,BLACK,WHITE,win,BLACK,21,15,6,32,0,15.1795793,15.1657868,0.0076616,16,16,0.947861675,0.00047885,6,6,400,0.0
10_classical_thompson_beta_prior_sweep_vs_weak_tactical,beta_2_1_optimistic,2.0,1.0,0.6666666666666666,3.0,60,59,WHITE,BLACK,win,WHITE,23,13,10,32,0,13.0160452,13.0053448,0.0037635,16,16,0.81283405,0.000235219,6,6,400,0.0
10_classical_thompson_beta_prior_sweep_vs_weak_tactical,beta_2_1_optimistic,2.0,1.0,0.6666666666666666,3.0,61,60,BLACK,WHITE,win,BLACK,19,17,2,34,2,16.1102417,16.0989697,0.0040054,17,17,0.946998218,0.000235612,6,6,400,0.0
10_classical_thompson_beta_prior_sweep_vs_weak_tactical,beta_2_1_optimistic,2.0,1.0,0.6666666666666666,3.0,62,61,WHITE,BLACK,win,WHITE,19,17,2,32,0,14.6341621,14.6244067,0.0037625,16,16,0.914025419,0.000235156,6,6,400,0.0
10_classical_thompson_beta_prior_sweep_vs_weak_tactical,beta_2_1_optimistic,2.0,1.0,0.6666666666666666,3.0,63,62,BLACK,WHITE,win,BLACK,20,16,4,33,1,15.6834886,15.6742644,0.0034343,17,16,0.922015553,0.000214644,6,6,400,0.0
10_classical_thompson_beta_prior_sweep_vs_weak_tactical,beta_2_1_optimistic,2.0,1.0,0.6666666666666666,3.0,64,63,WHITE,BLACK,loss,BLACK,7,29,-22,32,0,13.6804475,13.6709432,0.0030524,16,16,0.85443395,0.000190775,6,6,400,0.0
10_classical_thompson_beta_prior_sweep_vs_weak_tactical,beta_2_1_optimistic,2.0,1.0,0.6666666666666666,3.0,65,64,BLACK,WHITE,win,BLACK,25,11,14,33,1,16.3376107,16.3276081,0.0035353,17,16,0.960447535,0.000220956,6,6,400,0.0
10_classical_thompson_beta_prior_sweep_vs_weak_tactical,beta_2_1_optimistic,2.0,1.0,0.6666666666666666,3.0,66,65,WHITE,BLACK,win,WHITE,21,15,6,32,0,14.271368,14.2441011,0.0202044,16,16,0.890256319,0.001262775,6,6,400,0.0
10_classical_thompson_beta_prior_sweep_vs_weak_tactical,beta_2_1_optimistic,2.0,1.0,0.6666666666666666,3.0,67,66,BLACK,WHITE,win,BLACK,29,7,22,33,1,15.4803452,15.470677,0.0033772,17,16,0.910039824,0.000211075,6,6,400,0.0
10_classical_thompson_beta_prior_sweep_vs_weak_tactical,beta_2_1_optimistic,2.0,1.0,0.6666666666666666,3.0,68,67,WHITE,BLACK,loss,BLACK,15,21,-6,32,0,12.7627714,12.7533614,0.0036074,16,16,0.797085088,0.000225462,6,6,400,0.0
10_classical_thompson_beta_prior_sweep_vs_weak_tactical,beta_2_1_optimistic,2.0,1.0,0.6666666666666666,3.0,69,68,BLACK,WHITE,loss,WHITE,11,25,-14,33,1,14.0287938,14.0203008,0.0029442,17,16,0.824723576,0.000184013,6,6,400,0.0
10_classical_thompson_beta_prior_sweep_vs_weak_tactical,beta_2_1_optimistic,2.0,1.0,0.6666666666666666,3.0,70,69,WHITE,BLACK,win,WHITE,27,7,20,30,0,12.7866983,12.7779775,0.0033767,15,15,0.851865167,0.000225113,6,6,400,0.0
10_classical_thompson_beta_prior_sweep_vs_weak_tactical,beta_2_1_optimistic,2.0,1.0,0.6666666666666666,3.0,71,70,BLACK,WHITE,win,BLACK,22,14,8,33,1,14.0014152,13.9925528,0.0031147,17,16,0.823091341,0.000194669,6,6,400,0.0
10_classical_thompson_beta_prior_sweep_vs_weak_tactical,beta_2_1_optimistic,2.0,1.0,0.6666666666666666,3.0,72,71,WHITE,BLACK,win,WHITE,26,9,17,32,1,13.918955,13.9088899,0.0037071,16,16,0.869305619,0.000231694,6,6,400,0.0
10_classical_thompson_beta_prior_sweep_vs_weak_tactical,beta_2_1_optimistic,2.0,1.0,0.6666666666666666,3.0,73,72,BLACK,WHITE,win,BLACK,26,10,16,33,1,14.2749214,14.265477,0.0033824,17,16,0.839145706,0.0002114,6,6,400,0.0
10_classical_thompson_beta_prior_sweep_vs_weak_tactical,beta_2_1_optimistic,2.0,1.0,0.6666666666666666,3.0,74,73,WHITE,BLACK,loss,BLACK,14,22,-8,32,0,12.4742382,12.4655246,0.0032662,16,16,0.779095287,0.000204138,6,6,400,0.0
10_classical_thompson_beta_prior_sweep_vs_weak_tactical,beta_2_1_optimistic,2.0,1.0,0.6666666666666666,3.0,75,74,BLACK,WHITE,win,BLACK,27,8,19,31,0,13.6807475,13.6726521,0.0028806,16,15,0.854540756,0.00019204,6,6,400,0.0
10_classical_thompson_beta_prior_sweep_vs_weak_tactical,beta_2_1_optimistic,2.0,1.0,0.6666666666666666,3.0,76,75,WHITE,BLACK,win,WHITE,25,11,14,32,0,13.4008772,13.3915159,0.0035277,16,16,0.836969744,0.000220481,6,6,400,0.0
10_classical_thompson_beta_prior_sweep_vs_weak_tactical,beta_2_1_optimistic,2.0,1.0,0.6666666666666666,3.0,77,76,BLACK,WHITE,win,BLACK,27,9,18,35,3,17.1849482,17.1736346,0.0037479,18,17,0.954090811,0.000220465,6,6,400,0.0
10_classical_thompson_beta_prior_sweep_vs_weak_tactical,beta_2_1_optimistic,2.0,1.0,0.6666666666666666,3.0,78,77,WHITE,BLACK,win,WHITE,19,17,2,32,0,15.0483369,15.0378531,0.0036904,16,16,0.939865819,0.00023065,6,6,400,0.0
10_classical_thompson_beta_prior_sweep_vs_weak_tactical,beta_2_1_optimistic,2.0,1.0,0.6666666666666666,3.0,79,78,BLACK,WHITE,win,BLACK,19,17,2,33,1,15.9208835,15.9098343,0.0036689,17,16,0.935872606,0.000229306,6,6,400,0.0
10_classical_thompson_beta_prior_sweep_vs_weak_tactical,beta_2_1_optimistic,2.0,1.0,0.6666666666666666,3.0,80,79,WHITE,BLACK,win,WHITE,21,15,6,32,0,13.6641038,13.654348,0.0035667,16,16,0.85339675,0.000222919,6,6,400,0.0
10_classical_thompson_beta_prior_sweep_vs_weak_tactical,beta_2_1_optimistic,2.0,1.0,0.6666666666666666,3.0,81,80,BLACK,WHITE,win,BLACK,28,8,20,33,1,16.5216749,16.5107718,0.0041709,17,16,0.971221871,0.000260681,6,6,400,0.0
10_classical_thompson_beta_prior_sweep_vs_weak_tactical,beta_2_1_optimistic,2.0,1.0,0.6666666666666666,3.0,82,81,WHITE,BLACK,win,WHITE,28,7,21,34,3,13.7094874,13.6991835,0.003289,17,17,0.805834324,0.000193471,6,6,400,0.0
10_classical_thompson_beta_prior_sweep_vs_weak_tactical,beta_2_1_optimistic,2.0,1.0,0.6666666666666666,3.0,83,82,BLACK,WHITE,win,BLACK,27,9,18,33,1,15.7062311,15.6965172,0.0032851,17,16,0.923324541,0.000205319,6,6,400,0.0
10_classical_thompson_beta_prior_sweep_vs_weak_tactical,beta_2_1_optimistic,2.0,1.0,0.6666666666666666,3.0,84,83,WHITE,BLACK,win,WHITE,21,13,8,32,2,15.1697936,15.1591451,0.0038382,16,16,0.947446569,0.000239888,6,6,400,0.0
10_classical_thompson_beta_prior_sweep_vs_weak_tactical,beta_2_1_optimistic,2.0,1.0,0.6666666666666666,3.0,85,84,BLACK,WHITE,win,BLACK,19,17,2,32,0,14.3530817,14.3444692,0.002953,16,16,0.896529325,0.000184562,6,6,400,0.0
10_classical_thompson_beta_prior_sweep_vs_weak_tactical,beta_2_1_optimistic,2.0,1.0,0.6666666666666666,3.0,86,85,WHITE,BLACK,win,WHITE,23,13,10,35,3,13.7620911,13.7519588,0.0034616,17,18,0.808938753,0.000192311,6,6,400,0.0
10_classical_thompson_beta_prior_sweep_vs_weak_tactical,beta_2_1_optimistic,2.0,1.0,0.6666666666666666,3.0,87,86,BLACK,WHITE,win,BLACK,25,11,14,36,4,14.9566192,14.9472928,0.003142,18,18,0.830405156,0.000174556,6,6,400,0.0
10_classical_thompson_beta_prior_sweep_vs_weak_tactical,beta_2_1_optimistic,2.0,1.0,0.6666666666666666,3.0,88,87,WHITE,BLACK,win,WHITE,24,12,12,32,0,13.5994791,13.5897142,0.0035086,16,16,0.849357137,0.000219287,6,6,400,0.0
10_classical_thompson_beta_prior_sweep_vs_weak_tactical,beta_2_1_optimistic,2.0,1.0,0.6666666666666666,3.0,89,88,BLACK,WHITE,win,BLACK,22,13,9,33,2,14.8673348,14.8574586,0.0035762,17,16,0.873968153,0.000223512,6,6,400,0.0
10_classical_thompson_beta_prior_sweep_vs_weak_tactical,beta_2_1_optimistic,2.0,1.0,0.6666666666666666,3.0,90,89,WHITE,BLACK,win,WHITE,21,15,6,32,0,14.2243558,14.2108514,0.0074423,16,16,0.888178212,0.000465144,6,6,400,0.0
10_classical_thompson_beta_prior_sweep_vs_weak_tactical,beta_2_1_optimistic,2.0,1.0,0.6666666666666666,3.0,91,90,BLACK,WHITE,win,BLACK,22,14,8,33,1,14.6712518,14.6625002,0.0030406,17,16,0.862500012,0.000190038,6,6,400,0.0
10_classical_thompson_beta_prior_sweep_vs_weak_tactical,beta_2_1_optimistic,2.0,1.0,0.6666666666666666,3.0,92,91,WHITE,BLACK,win,WHITE,29,7,22,38,6,15.2032675,15.1913634,0.0038718,19,19,0.799545442,0.000203779,6,6,400,0.0
10_classical_thompson_beta_prior_sweep_vs_weak_tactical,beta_2_1_optimistic,2.0,1.0,0.6666666666666666,3.0,93,92,BLACK,WHITE,win,BLACK,24,12,12,32,0,15.9890846,15.9803672,0.0030928,16,16,0.99877295,0.0001933,6,6,400,0.0
10_classical_thompson_beta_prior_sweep_vs_weak_tactical,beta_2_1_optimistic,2.0,1.0,0.6666666666666666,3.0,94,93,WHITE,BLACK,win,WHITE,31,5,26,34,2,13.8033945,13.7940306,0.0033575,17,17,0.811413565,0.0001975,6,6,400,0.0
10_classical_thompson_beta_prior_sweep_vs_weak_tactical,beta_2_1_optimistic,2.0,1.0,0.6666666666666666,3.0,95,94,BLACK,WHITE,win,BLACK,28,8,20,32,0,14.6500103,14.6405093,0.003169,16,16,0.915031831,0.000198062,6,6,400,0.0
10_classical_thompson_beta_prior_sweep_vs_weak_tactical,beta_2_1_optimistic,2.0,1.0,0.6666666666666666,3.0,96,95,WHITE,BLACK,win,WHITE,20,15,5,31,0,13.7185034,13.7084492,0.0032408,15,16,0.913896613,0.00020255,6,6,400,0.0
10_classical_thompson_beta_prior_sweep_vs_weak_tactical,beta_2_1_optimistic,2.0,1.0,0.6666666666666666,3.0,97,96,BLACK,WHITE,win,BLACK,24,12,12,33,1,15.2631207,15.2515329,0.0038444,17,16,0.897148994,0.000240275,6,6,400,0.0
10_classical_thompson_beta_prior_sweep_vs_weak_tactical,beta_2_1_optimistic,2.0,1.0,0.6666666666666666,3.0,98,97,WHITE,BLACK,win,WHITE,24,12,12,32,0,13.6472709,13.6383668,0.0032404,16,16,0.852397925,0.000202525,6,6,400,0.0
10_classical_thompson_beta_prior_sweep_vs_weak_tactical,beta_2_1_optimistic,2.0,1.0,0.6666666666666666,3.0,99,98,BLACK,WHITE,win,BLACK,23,11,12,33,3,16.9880336,16.9777812,0.0035137,17,16,0.998693012,0.000219606,6,6,400,0.0
10_classical_thompson_beta_prior_sweep_vs_weak_tactical,beta_2_1_optimistic,2.0,1.0,0.6666666666666666,3.0,100,99,WHITE,BLACK,win,WHITE,24,12,12,32,0,13.141682,13.1330923,0.0034292,16,16,0.820818269,0.000214325,6,6,400,0.0
